28de45ae-f0ca-46fe-9f89-283313b3255b|abr
7131e7b8-84fa-48bd-a725-14050be38f9f|act
35a3feaf-1c13-4221-8cfa-d6879faf714c|adp
94e6a5a8-b84f-44f7-b900-71cd10ea954e|rcp
396f4b4d-5b0a-4fb4-941b-993ebf63db2e|anl
b998a229-68e7-4a3d-8cfd-b73c10844e96|anm
06b2cbd8-66bf-4956-9d90-97c9776365a4|ann
7d0a897c-4f83-493a-a0c5-5e040cdce75b|apl
f0061c4b-df42-432f-9d1a-3873bb27c8e6|ape
ca3b9559-f178-41e8-aa88-6b2c367025f9|app
754edaff-07bb-45eb-88bf-10a8b6842c38|arc
ac64c865-4f29-4d51-8b43-7816a5217f04|arr
c9d28351-c862-433e-8957-c4721f30631f|acp
e2a1a9dc-4aec-4bb5-ae43-99bb0383516a|adi
f9e5b41b-8d5b-47d3-91d0-ca9004796337|art
255be0dd-54d0-4161-9c6c-4d1f58310303|ard
ad9b7785-53a2-4bf4-8a01-572858e82941|asg
9593efce-a42d-4991-9aad-3a4dc07abb1e|asn
d836488a-8d0e-42ad-9091-b63fe885fe03|att
5c132335-8ad0-47bf-a4d1-6dda0a3a2654|auc
6e09d47d-95e2-4d8a-831b-f777b8ef6d81|aut
57247637-c41b-498d-9c46-935469335485|aqt
d517010e-908f-49d6-b1e8-8c1a5f9a7f1c|aft
4b41e752-3646-4097-ae80-21fd02e913f7|aud
1f20d444-79f6-497a-ae0d-98a92e504c58|aui
e8b5040d-a5c7-47c1-96ca-6313c8b9c849|ato
ced7cdfc-a3e0-47c8-861b-3f558094b02e|ant
f90c67e8-d1fa-4fe9-b98b-cbc3f019c65f|bnd
5f27fcc6-4134-4916-afb8-fcbcfb6793d4|bdd
245cfa8e-8709-4f1f-969b-894b94bc029f|blw
846ac49c-749d-49fd-a05f-e7f2885d9eaf|bkd
c9c3bbe8-d305-48ef-ab2a-5eff941550e3|bkp
acad26a9-e288-4385-bea1-0560bb884b7a|bjd
9e99e803-c73d-4250-8605-403be57f83f9|bpd
50a6d58a-cea2-42a1-8c57-0c6fde225c93|bsl
a986c8f2-b36a-400d-b09f-9250a753563c|brl
55e4a59b-2dfd-478d-9fe9-110fc24f0752|brd
8999f7cb-6d9a-4be7-aeed-4cc6aae35a8c|cll
22286157-3058-434c-9009-8f8d100fc74a|ctg
468ac852-339e-43b7-8e94-7e2ce475cb00|cas
756fcbfc-ef95-4bd0-99cc-1cc364c7b0cd|cns
593862b4-a655-47c3-92b9-2b305b14cce7|chr
2a3e2d58-3a21-4e35-b7e4-cffb197750e3|cng
ec0959b3-becc-4abd-87b0-3e02cf2665cc|cli
8ddb69bb-cd69-4898-a62d-b71649089e4a|cor
dd44e44e-a153-4ab6-9a7c-f3d23b6c4676|col
cbceda25-1f4d-43b7-96a5-f2911026a154|clt
81c01802-f61b-4548-954a-22aab027f6e5|clr
e0dc043c-0a4d-499b-a8a8-4cc9b0869cf3|cmm
316cd382-a4fe-4939-b06e-e7199bfdbc7a|cwt
27aeee86-4099-466d-ba10-6d876e6f293b|com
8f9d96f5-32ad-43d7-8122-18063a617fc8|cpl
86890f8f-2273-44e2-aa86-927c7f649b32|cpt
6358626f-aa02-4c40-8e73-fb202fa5fb4d|cpe
901d01e5-66b1-48f0-99f9-b5e92e3d2d15|cmp
c7345998-fd17-406b-bce0-e08cb7b2671f|cmt
3db02638-598e-44a3-aafa-cbae77533ee1|ccp
a79f874f-319e-4bc8-a2e1-f8b15fa186fe|cnd
94bb3440-591f-41af-80fa-e124006faa49|con
c04ff362-c80a-4543-88cf-fc6e49e7d201|csl
7bebb5a2-9332-4ba7-a258-875143b5d754|csp
5aa6e3d1-283c-4f6d-8694-3bdc52137b07|cos
0ad74d5d-03b9-49bb-b9df-d692945ca66e|cot
9945290f-bcd7-4515-81fd-09e23567b75d|coe
9fc0bffb-6dd9-4218-9a44-81be4a5059d4|cts
e8423d78-7b08-4f81-8f34-4871d5e2b7af|ctt
f3aa0070-71bd-4c39-9a9b-ec2fd03ac26d|cte
28f7eb9e-f923-4a77-9755-7571381b2a47|ctr
9f0a2cf0-7a9b-45a2-a403-f68d2850d07c|ctb
5d92d9de-adf3-4dea-93b5-580e9a88e696|cpc
2b7080f7-d03d-46af-86f0-40ea02867362|cph
c8050073-f62b-4606-9688-02caa98bdc60|crr
319cb290-a549-4ae8-a0ed-a65fe155cac8|crp
e1510ac5-a9e9-4195-b762-7cb82c5357c4|cst
36b921fe-6c34-45c8-908b-5701f0763e1b|cou
bd13d6d3-e604-4b80-9c5f-4d68115ba616|crt
b7000ced-c847-4b43-8f29-c5325e6279a8|cov
7aac64ab-7f2a-4019-9705-e07133e3ad1a|cre
d67decd7-3dbe-4ac7-8072-ef18f5cd3e09|cur
3bd0b539-4440-4971-988c-5330daa14e3a|dnc
00311f78-e990-4d8b-907e-c67a3664fe15|dtc
9d81737c-ec6c-49d8-9771-50e1ab4d7ad7|dtm
0d8dc4be-e87b-43df-90d4-1ed60c4e08c5|dte
0d2580f5-fe16-4d64-a5eb-f0247cccb129|dto
e46bdfe3-5923-4585-bca4-d9d930d41148|dfd
c86fc16d-61d8-4471-8089-76550daa04f0|dft
3ebe73f4-0895-4979-a5e3-2b3e9c63acd6|dfe
6901fbf1-c038-42eb-a03e-cd65bf91f660|dgg
825a7d9f-7596-4007-9684-9bee72625cfc|dgs
e04bea27-813b-4765-9ba1-e98e0fca7101|dln
d32885eb-b82c-4391-abb2-4582c8ee02b3|dpc
7c62ecb4-544c-4c26-8765-f6f6d34031a0|dpt
3665d2dd-24cc-4fb4-922a-699811daa41c|dsr
12101b05-afcb-4159-9ee4-c207378ef910|drt
f26858bc-4468-47be-8e30-d5db4c0b1e88|dis
d5e6972c-9e2f-4788-8dd6-10e859e20945|dbp
7b21bffb-91e1-45bf-980a-40dd89cc26e4|dst
8fbe6e92-87c9-4eff-b736-88cd02571465|dnr
33aa4117-95d1-4eb5-986b-dfba809871f6|drm
88370fc3-bf69-45b6-b518-daf9a3877385|dub
9deb29d1-3e71-4951-9413-a80adac703d0|edt
863e41e3-b9c5-44fb-abeb-a8ab536bb432|edc
b1e95783-5308-46b2-9853-bd7015c1774b|edm
5b2de939-879c-45b4-817d-c29fd16b78a0|elg
201a378e-23dd-4aab-bfe0-e5bc3c855f9c|elt
61afcb8a-8c53-445b-93b9-38e799721f82|enj
366821b5-5319-4888-8867-0ffb2d7649d1|eng
af9a58fa-95df-4139-a06d-ecdab0b2317e|egr
6ccd61f4-c408-46ec-b359-a761b4781477|etr
54f69767-5712-47aa-bdb7-39c31aa8295e|evp
764c208a-493f-43af-8db7-3dd48efca45c|exp
036b6349-27c8-4b68-8875-79cb8e0fd459|fac
2576c328-61f1-4684-83cf-4376a66f7731|fld
f5f9108a-9afc-4ea9-9b99-4f83dcf51204|fmd
60d3f16f-958a-45c2-bb39-69cc9eb3835e|fds
22f8ea20-b4f0-4498-8125-7962f0037c2d|flm
2665431e-aad4-44d1-9218-04053d1cfd53|fmp
2129a478-c55c-4f71-9cd1-584cbbb381d4|fmk
26ad4833-5d49-4999-97fc-44bc86a9fae0|fpy
06fef928-bd00-4c7f-bd3c-5bc93973f8e8|frg
5c3abceb-6bd8-43aa-b08d-1187ae78b15b|fmo
3555bf7f-a6cc-4890-b050-9c428eabf579|fnd
369783f6-78c8-4cd7-97ab-5029444e0c85|gis
5c1e0a9e-1fdc-47a5-8d06-c12af63cbc5a|hnr
abfa3014-7349-444b-aace-9d28efa5ede4|hst
81b2174a-06b9-48f5-8c49-6cbaf7b869fe|his
e038262b-25f8-471b-93ea-2afe287b00a3|ilu
3add6049-0b63-4fec-9892-e3867e7358e2|ill
f6bd4f15-4715-4b0e-9258-61dac047f106|ins
18ba15a9-0502-4fa2-ad41-daab9d5ab7bb|itr
e7e8fc17-7c97-4a37-8c12-f832ddca7a71|ive
eecb30c5-a061-4790-8fa5-cf24d0fa472b|ivr
21430354-f17a-4ac1-8545-1a5907cd15e5|inv
97082157-5900-4c4c-a6d8-2e6c13f22ef1|isb
41a0378d-5362-4c1a-b103-592ff354be1c|jud
b76cb226-50f9-4d34-a3d0-48b475f83c80|jug
e603ffa2-8999-4091-b10d-96248c283c04|lbr
f74dfba3-ea20-471b-8c4f-5d9b7895d3b5|ldr
3c1508ab-fbcc-4500-b319-10885570fe2f|lsa
d791c3b9-993a-4203-ac81-3fb3f14793ae|led
e4f2fd1c-ee79-4cf7-bc1a-fbaac616f804|len
ae8bc401-47da-4853-9b0b-c7c2c3ec324d|lil
52c08141-307f-4997-9799-db97076a2eb3|lit
7d60c4bf-5ddc-483a-b179-af6f1a76efbe|lie
61c9f06f-620a-4423-8c78-c698b9bb555f|lel
a5c024f1-3c81-492c-ab5e-73d2bc5dcad7|let
88a66ebf-0b18-4ed7-91e5-01bc7e8de441|lee
6d5779a3-e692-4a24-a5ee-d1ce8a6eae47|lbt
a8d59132-aa1e-4a62-b5bd-b26b7d7a16b9|lse
99f6b0b7-c22f-460d-afe0-ee0877bc66d1|lso
5e9333a6-bc92-43c0-a306-30811bb71e61|lgd
2b45c004-805d-4e7f-864d-8664a23488dc|ltg
398a0a2f-752d-4496-8737-e6df7c29aaa7|lyr
a2231628-6a5a-48f4-8eac-7e6b0328f6fe|mfp
d669122b-c021-46f5-a911-1e9df10b6542|mfr
515caf91-3dde-4769-b784-50c9e23400d5|mrb
168b6ff3-7482-4fd0-bf07-48172b47876c|mrk
a7a25290-226d-4f81-b780-2efc1f7dfd26|med
ee04a129-f2e4-4fd7-8342-7a73a0700665|mdc
8af7e981-65f9-4407-80ae-1bacd11315d5|mte
002c0eef-eb77-4c0b-a38e-117a09773d59|mtk
e79ca231-af4c-4724-8fe1-eabafd2e0bec|mod
d2df2901-fac7-45e1-a9ad-7a67b70ea65b|mon
66bfc19c-eeb0-4167-bd8d-448311aab929|mcp
e1edbaae-5365-4fcb-bb6a-7aae38bbed9c|msd
08553068-8495-49c2-9c18-d29ab656fef0|mus
2c345cb7-0420-4a7d-93ce-b51fb636cce6|nrt
563bcaa7-7fe1-4206-8fc9-5ef8c7fbf998|osp
300171aa-95e1-45b0-86c6-2855fcaf9ef4|opn
df7daf2f-7ab4-4c7b-a24d-d46695fa9072|orm
539872f1-f4a1-4e83-9d87-da235f64c520|org
361f4bfd-a87d-463c-84d8-69346c3082f6|oth
21dda3dc-cebd-4018-8db2-4f6d50ce3d02|own
003e8b5e-426c-4d33-b940-233b1b89dfbd|pan
e38a0c64-f1d3-4b03-a364-34d6b402841c|ppm
630142eb-6b68-4cf7-8296-bdaba03b5760|pta
2cb49b06-5aeb-4e84-8160-79d13c6357ed|pth
1b51068c-506a-4b85-a815-175c17932448|pat
246858e3-4022-4991-9f1c-50901ccc1438|prf
0683aecf-42a8-432d-adb2-a8abaf2f15d5|pma
1aae8ca3-4ddd-4549-a769-116b75f3c773|pht
2230246a-1fdb-4f06-a08a-004fd4b929bf|ptf
68dcc037-901e-46a9-9b4e-028548cd750f|ptt
45747710-39dc-47ec-b2b3-024d757f997e|pte
d30f5556-6d79-4980-9528-c48ef60f3b31|plt
08cb225a-302c-4d5a-a6a3-fa90850babcd|pra
d04782ec-b969-4eac-9428-0eb52d97c644|pre
02c1c664-1d71-4f7b-a656-1abf1209848f|prt
fd0a47ec-58ce-43f6-8ecc-696ec17a98ab|pop
d6a6d28c-1bfc-46df-b2ba-6cb377a6151e|prm
5ee1e598-72b8-44d5-8edd-173e7bc4cf8c|prc
81bbe282-dca7-4763-bf5a-fe28c8939988|pro
b318e49c-f2ad-498c-8106-57b5544f9bb0|prn
8210b9d7-8fe7-41b7-8c5f-6e0485b50725|prs
3cbd0832-328e-48f5-96c4-6f7bcf341461|pmn
b13f6a89-d2e3-4264-8418-07ad4de6a626|prd
e2b5ceaf-663b-4cc0-91ba-bf036943ece8|prp
b47d8841-112e-43be-b992-eccb5747eb50|prg
097adac4-6576-4152-ace8-08fc59cb0218|pdr
f9395f3d-cd46-413e-9504-8756c54f38a2|pfr
3b4709f1-5286-4c42-9423-4620fff78141|prv
2c9cd812-7b00-47e8-81e5-1711f3b6fe38|pup
a60314d4-c3c6-4e29-92fa-86cc6ace4d56|pbl
2d046e17-742b-4d99-8e25-836cc141fee9|pbd
4f7c335d-a9d9-4f38-87ef-9a5846b63e7f|ppt
fcfc0b86-b083-4ab8-8a75-75a66638ed2e|rdd
c96df2ce-7b00-498a-bf37-3011f3ef1229|rpc
ab7a95da-590c-4955-b03b-9d8fbc6c1fe6|rce
b388c02a-19dc-4948-916d-3688007b9a2c|rcd
b38c4e20-9aa0-43f4-a1a0-f547e54873f7|red
6b566426-f325-4182-ac31-e1c4e0b2aa19|ren
86b9292d-4dce-401d-861e-2df2cfaacb83|rpt
13361ce8-7664-46c0-860d-ffbcc01414e0|rps
44eaf0db-85dd-4888-ac8d-a5976dd483a6|rth
54fd209c-d552-43eb-850f-d31f557170b9|rtm
fec4d84b-0421-4d15-b53f-d5104f39b3ca|res
3c3ab522-2600-4b93-a121-8832146d5cdf|rsp
94b839e8-cabe-4d58-8918-8a5058fe5501|rst
7156fd73-b8ca-4e09-a002-bb2afaaf259a|rse
cd06cefa-acfe-48cb-a5a3-4c48be4a79ad|rpy
453e4f4a-cda9-4cfa-b93d-3faeb18a85db|rsg
cf04404a-d628-432b-b190-6694c5a3dc4b|rsr
85962960-ef07-499d-bf49-63f137204f9a|rev
0d022d0d-902d-4273-8013-0a2a753d9d76|rbr
05875ac5-a509-4a51-a6ee-b8051e37c7b0|sce
c5988fb2-cd21-469c-b35e-37e443c01adc|sad
40fe62fb-4319-4313-ac88-ac4912b1e1fa|aus
867f3d13-779a-454e-8a06-a1b9fb37ba2a|scr
223da16e-5a03-4f5c-b8c3-0eb79f662bcb|scl
2fba7b2e-26bc-4ac5-93cb-73e31e554377|spy
12b7418a-0c90-4337-90b7-16d2d3157b68|sec
3179eb17-275e-44f8-8cad-3a9514799bd0|sll
9e7651f8-a4f0-4d02-81b4-578ef9303d1b|std
3e86cb67-5407-4622-a540-71a978899404|stg
12a73179-1283-4828-8fd9-065e18dc2e78|sgn
6847c9ab-e2f8-4c9e-8dc6-1a97c6836c1c|sng
1c623f6e-25bf-41ec-8110-6bde712dfa79|sds
ac0baeb5-71e2-435f-aaf1-14b64e2ba700|spk
38c09577-6652-4281-a391-4caabe4c09b6|spn
c0c46b4f-fd18-4d8a-96ac-aff91662206c|sgd
b02cbeb7-8ca7-4bf4-8d58-ce943b4d5ea3|stm
94d131ef-2814-49a0-a59c-49b6e7584b3d|stn
7e5b0859-80c1-4e78-a5e7-61979862c1fa|str
a3642006-14ab-4816-b5ac-533e4971417a|stl
206246b1-8e17-4588-bad8-78c82e3e6d54|sht
a21a56ea-5136-439a-a513-0bffa53402de|srv
f72a24d1-f404-4275-9350-158fe3a20b21|tch
0efdaf72-6126-430a-8256-69c42ff6866f|tcd
af09f37e-12f5-46db-a532-ccd6a8877f2d|tld
3ed655b0-505b-43fe-a4c6-397789449a5b|tlp
cce475f7-ccfa-4e15-adf8-39f907788515|ths
0eef1c70-bd77-429c-a790-48a8d82b4d8f|trc
3322b734-ce38-4cd4-815d-8983352837cc|trl
a2c9e8b5-edb4-49dc-98ba-27f0b8b5cebf|tyd
58461dca-efd4-4fd4-b380-d033e3540be5|tyg
fec9ae68-6b55-4dd6-9637-3a694fb6a82b|uvp
c6005151-7005-4ee7-8d6d-a6b72d25377a|vdg
1ce93f32-3e10-46e2-943f-77f3c8a41d7d|vac
ec56cc25-e470-46f7-a429-72f438c0513b|wit
de1ea2dc-8d9d-4dfa-b86e-8ce9d8b0c2f2|wde
32021771-311e-497b-9bf2-672492f322c7|wdc
913233b3-b2a0-4635-8dad-49b6fc515fc5|wam
bf1a8165-54bf-411c-a5ea-b6bbbb9c55df|wac
cb8fdd3f-7193-4096-934c-3efea46b1138|wal
6a983219-b6cd-4dd7-bfa4-bcb0b43590d4|wat
53f075e1-53c0-423f-95ae-676df3d8c7a2|win
115fa75c-385b-4a8e-9a2b-b13de9f21bcf|wpr
7c5c2fd5-3283-4f96-be89-3bb3e8fa6942|wst
